,CATEGORY,CITY,STATEPROVCODE,COUNTRYCODE,SEARCHTIME,SEARCHDATE
179,Yoga,San Diego,CA,US,20:13:35,2019-06-27
569,Interval training,San Diego,CA,US,18:41:52,2019-06-27
279,Body treatments,San Diego,CA,US,20:53:48,2019-06-27
287,Barre,San Diego,CA,US,19:47:13,2019-06-27
689,Barre,San Diego,CA,US,5:41:29,2019-06-27
301,Other,San Diego,CA,US,8:15:14,2019-06-27
901,Dance,San Diego,CA,US,16:58:22,2019-06-27
907,Yoga,San Diego,CA,US,4:07:00,2019-06-27
260,Circuit training,San Diego,CA,US,6:54:33,2019-06-27
666,Interval training,San Diego,CA,US,9:32:26,2019-06-27
546,Gym classes,San Diego,CA,US,10:54:46,2019-06-27
435,Pilates,San Diego,CA,US,18:05:12,2019-06-27
353,Pilates,San Diego,CA,US,7:07:10,2019-06-27
376,Personal training,San Diego,CA,US,19:21:57,2019-06-27
585,Interval training,San Diego,CA,US,7:43:32,2019-06-27
559,Dance,San Diego,CA,US,20:08:13,2019-06-27
420,Tai chi,San Diego,CA,US,7:53:42,2019-06-27
34,Personal training,San Diego,CA,US,11:13:16,2019-06-27
455,Circuit training,San Diego,CA,US,10:49:48,2019-06-27
566,Yoga,San Diego,CA,US,7:41:16,2019-06-27
734,Personal training,San Diego,CA,US,20:04:44,2019-06-27
799,Interval training,San Diego,CA,US,18:11:04,2019-06-27
2,Martial arts,San Diego,CA,US,15:41:57,2019-06-27
252,Personal training,San Diego,CA,US,4:17:07,2019-06-27
500,Personal training,San Diego,CA,US,18:02:45,2019-06-27
755,Interval training,San Diego,CA,US,10:10:48,2019-06-27
850,Circuit training,San Diego,CA,US,15:52:35,2019-06-27
769,Circuit training,San Diego,CA,US,7:07:16,2019-06-27
515,Tai chi,San Diego,CA,US,14:02:16,2019-06-27
259,Gym classes,San Diego,CA,US,10:35:05,2019-06-27
829,Pilates,San Diego,CA,US,7:05:26,2019-06-27
398,Body treatments,San Diego,CA,US,10:16:09,2019-06-28
581,Other,San Diego,CA,US,7:21:35,2019-06-28
394,Gym classes,San Diego,CA,US,5:27:47,2019-06-28
190,Meditation,San Diego,CA,US,13:02:05,2019-06-28
781,Yoga,San Diego,CA,US,9:13:06,2019-06-28
649,Meditation,San Diego,CA,US,14:58:51,2019-06-28
347,Barre,San Diego,CA,US,18:04:27,2019-06-28
160,Interval training,San Diego,CA,US,15:56:55,2019-06-28
753,Cycling,San Diego,CA,US,11:45:22,2019-06-28
890,Tai chi,San Diego,CA,US,11:36:24,2019-06-28
859,Pilates,San Diego,CA,US,5:29:47,2019-06-28
286,Meditation,San Diego,CA,US,12:33:32,2019-06-28
248,Dance,San Diego,CA,US,15:46:54,2019-06-28
119,Circuit training,San Diego,CA,US,16:02:50,2019-06-28
720,Other,San Diego,CA,US,13:57:05,2019-06-28
202,Body treatments,San Diego,CA,US,14:47:48,2019-06-28
117,Cycling,San Diego,CA,US,6:45:18,2019-06-28
0,Martial arts,San Diego,CA,US,12:32:40,2019-06-28
964,Yoga,San Diego,CA,US,18:25:54,2019-06-28
31,Circuit training,San Diego,CA,US,4:28:21,2019-06-28
48,Tai chi,San Diego,CA,US,20:45:30,2019-06-28
560,Yoga,San Diego,CA,US,20:23:14,2019-06-29
368,Cycling,San Diego,CA,US,17:18:44,2019-06-29
350,Cycling,San Diego,CA,US,18:23:03,2019-06-29
439,Dance,San Diego,CA,US,11:07:09,2019-06-29
663,Meditation,San Diego,CA,US,13:54:51,2019-06-29
972,Barre,San Diego,CA,US,6:49:22,2019-06-29
982,Barre,San Diego,CA,US,12:08:54,2019-06-29
452,Personal training,San Diego,CA,US,20:13:11,2019-06-29
936,Yoga,San Diego,CA,US,9:32:19,2019-06-29
541,Dance,San Diego,CA,US,13:04:15,2019-06-29
454,Tai chi,San Diego,CA,US,19:01:24,2019-06-29
18,Other,San Diego,CA,US,6:46:37,2019-06-29
234,Meditation,San Diego,CA,US,11:22:20,2019-06-29
522,Yoga,San Diego,CA,US,4:16:58,2019-06-29
762,Yoga,San Diego,CA,US,11:34:03,2019-06-29
219,Gym classes,San Diego,CA,US,8:48:15,2019-06-29
207,Pilates,San Diego,CA,US,7:42:15,2019-06-29
204,Dance,San Diego,CA,US,11:52:14,2019-06-29
201,Other,San Diego,CA,US,4:10:13,2019-06-29
5,Barre,San Diego,CA,US,15:15:36,2019-06-29
268,Interval training,San Diego,CA,US,11:48:32,2019-06-29
77,Gym classes,San Diego,CA,US,6:32:29,2019-06-29
922,Circuit training,San Diego,CA,US,4:58:04,2019-06-29
949,Body treatments,San Diego,CA,US,12:41:59,2019-06-29
408,Pilates,San Diego,CA,US,15:36:51,2019-06-29
578,Barre,San Diego,CA,US,11:59:06,2019-06-29
47,Tai chi,San Diego,CA,US,20:01:03,2019-06-29
43,Gym classes,San Diego,CA,US,6:23:37,2019-06-29
942,Other,San Diego,CA,US,17:38:17,2019-06-29
396,Dance,San Diego,CA,US,4:04:10,2019-06-29
307,Other,San Diego,CA,US,4:49:22,2019-06-30
570,Martial arts,San Diego,CA,US,18:55:37,2019-06-30
572,Yoga,San Diego,CA,US,5:01:49,2019-06-30
742,Dance,San Diego,CA,US,18:13:54,2019-06-30
846,Gym classes,San Diego,CA,US,11:59:02,2019-06-30
739,Other,San Diego,CA,US,14:53:33,2019-06-30
424,Meditation,San Diego,CA,US,9:24:47,2019-06-30
448,Dance,San Diego,CA,US,20:34:07,2019-06-30
542,Tai chi,San Diego,CA,US,14:27:57,2019-06-30
750,Personal training,San Diego,CA,US,16:45:35,2019-06-30
521,Personal training,San Diego,CA,US,16:06:54,2019-06-30
32,Tai chi,San Diego,CA,US,16:54:04,2019-06-30
206,Tai chi,San Diego,CA,US,10:26:51,2019-06-30
1,Cycling,San Diego,CA,US,11:29:54,2019-06-30
817,Cycling,San Diego,CA,US,17:05:34,2019-06-30
629,Cycling,San Diego,CA,US,20:02:50,2019-06-30
969,Body treatments,San Diego,CA,US,10:47:45,2019-06-30
505,Gym classes,San Diego,CA,US,6:22:24,2019-06-30
159,Cycling,San Diego,CA,US,11:59:07,2019-06-30
361,Circuit training,San Diego,CA,US,15:43:23,2019-06-30
357,Barre,San Diego,CA,US,10:11:11,2019-06-30
486,Barre,San Diego,CA,US,11:44:43,2019-06-30
920,Meditation,San Diego,CA,US,8:59:26,2019-06-30
85,Body treatments,San Diego,CA,US,11:58:06,2019-06-30
603,Martial arts,San Diego,CA,US,20:55:20,2019-07-01
872,Other,San Diego,CA,US,11:29:27,2019-07-01
794,Body treatments,San Diego,CA,US,4:48:19,2019-07-01
828,Interval training,San Diego,CA,US,16:58:26,2019-07-01
752,Pilates,San Diego,CA,US,6:48:42,2019-07-01
530,Circuit training,San Diego,CA,US,6:58:54,2019-07-01
529,Cycling,San Diego,CA,US,15:15:30,2019-07-01
481,Martial arts,San Diego,CA,US,14:58:11,2019-07-01
419,Other,San Diego,CA,US,6:18:19,2019-07-01
770,Yoga,San Diego,CA,US,8:33:06,2019-07-01
849,Barre,San Diego,CA,US,13:37:41,2019-07-01
567,Circuit training,San Diego,CA,US,7:40:36,2019-07-01
124,Personal training,San Diego,CA,US,7:38:46,2019-07-01
838,Pilates,San Diego,CA,US,18:51:29,2019-07-01
841,Circuit training,San Diego,CA,US,4:46:02,2019-07-01
990,Personal training,San Diego,CA,US,4:09:45,2019-07-01
371,Barre,San Diego,CA,US,17:08:03,2019-07-01
538,Tai chi,San Diego,CA,US,6:08:24,2019-07-01
445,Martial arts,San Diego,CA,US,15:04:15,2019-07-01
586,Yoga,San Diego,CA,US,6:17:13,2019-07-01
807,Yoga,San Diego,CA,US,13:39:15,2019-07-01
544,Circuit training,San Diego,CA,US,15:41:43,2019-07-01
624,Body treatments,San Diego,CA,US,14:43:04,2019-07-01
925,Gym classes,San Diego,CA,US,13:00:14,2019-07-01
295,Martial arts,San Diego,CA,US,19:22:18,2019-07-01
358,Circuit training,San Diego,CA,US,11:21:42,2019-07-01
443,Yoga,San Diego,CA,US,5:49:34,2019-07-01
699,Circuit training,San Diego,CA,US,19:13:37,2019-07-01
386,Yoga,San Diego,CA,US,10:20:07,2019-07-01
66,Martial arts,San Diego,CA,US,4:42:59,2019-07-01
199,Tai chi,San Diego,CA,US,16:59:25,2019-07-02
416,Cycling,San Diego,CA,US,18:39:05,2019-07-02
216,Other,San Diego,CA,US,14:09:19,2019-07-02
168,Body treatments,San Diego,CA,US,20:37:05,2019-07-02
51,Yoga,San Diego,CA,US,20:36:59,2019-07-02
826,Other,San Diego,CA,US,16:25:43,2019-07-02
616,Pilates,San Diego,CA,US,11:19:59,2019-07-02
602,Yoga,San Diego,CA,US,7:47:01,2019-07-02
425,Body treatments,San Diego,CA,US,15:47:15,2019-07-02
955,Other,San Diego,CA,US,18:57:06,2019-07-02
780,Yoga,San Diego,CA,US,12:06:36,2019-07-02
403,Cycling,San Diego,CA,US,15:22:58,2019-07-02
856,Yoga,San Diego,CA,US,14:30:30,2019-07-02
886,Barre,San Diego,CA,US,19:01:47,2019-07-02
462,Pilates,San Diego,CA,US,8:14:11,2019-07-02
543,Other,San Diego,CA,US,12:20:08,2019-07-02
534,Body treatments,San Diego,CA,US,5:04:12,2019-07-02
740,Pilates,San Diego,CA,US,10:42:33,2019-07-02
894,Cycling,San Diego,CA,US,17:56:01,2019-07-02
235,Interval training,San Diego,CA,US,7:11:55,2019-07-02
298,Pilates,San Diego,CA,US,13:10:52,2019-07-02
685,Martial arts,San Diego,CA,US,4:56:31,2019-07-02
321,Cycling,San Diego,CA,US,12:09:50,2019-07-02
225,Gym classes,San Diego,CA,US,13:43:47,2019-07-02
145,Tai chi,San Diego,CA,US,18:26:32,2019-07-02
804,Interval training,San Diego,CA,US,12:09:41,2019-07-03
369,Barre,San Diego,CA,US,18:10:21,2019-07-03
402,Barre,San Diego,CA,US,10:04:47,2019-07-03
265,Cycling,San Diego,CA,US,8:43:45,2019-07-03
194,Cycling,San Diego,CA,US,19:39:37,2019-07-03
215,Tai chi,San Diego,CA,US,18:18:01,2019-07-03
757,Other,San Diego,CA,US,7:51:02,2019-07-03
441,Gym classes,San Diego,CA,US,4:01:53,2019-07-03
698,Circuit training,San Diego,CA,US,8:49:45,2019-07-03
681,Pilates,San Diego,CA,US,7:49:03,2019-07-03
635,Body treatments,San Diego,CA,US,18:34:43,2019-07-03
304,Yoga,San Diego,CA,US,11:16:37,2019-07-03
763,Interval training,San Diego,CA,US,16:37:14,2019-07-03
547,Cycling,San Diego,CA,US,6:10:33,2019-07-03
514,Gym classes,San Diego,CA,US,15:32:44,2019-07-03
327,Circuit training,San Diego,CA,US,19:22:56,2019-07-03
669,Interval training,San Diego,CA,US,17:24:55,2019-07-03
245,Gym classes,San Diego,CA,US,19:20:07,2019-07-03
995,Martial arts,San Diego,CA,US,13:00:07,2019-07-03
962,Tai chi,San Diego,CA,US,7:34:25,2019-07-03
870,Personal training,San Diego,CA,US,10:46:34,2019-07-03
55,Martial arts,San Diego,CA,US,17:59:40,2019-07-03
87,Body treatments,San Diego,CA,US,12:46:49,2019-07-03
42,Yoga,San Diego,CA,US,18:57:50,2019-07-03
81,Personal training,San Diego,CA,US,6:01:43,2019-07-03
155,Cycling,San Diego,CA,US,16:20:22,2019-07-03
864,Tai chi,San Diego,CA,US,14:59:08,2019-07-03
612,Cycling,San Diego,CA,US,20:47:31,2019-07-04
365,Pilates,San Diego,CA,US,10:29:20,2019-07-04
482,Tai chi,San Diego,CA,US,15:49:33,2019-07-04
44,Yoga,San Diego,CA,US,15:59:41,2019-07-04
622,Circuit training,San Diego,CA,US,5:02:21,2019-07-04
221,Meditation,San Diego,CA,US,18:24:52,2019-07-04
237,Dance,San Diego,CA,US,13:54:51,2019-07-04
236,Yoga,San Diego,CA,US,7:12:04,2019-07-04
639,Personal training,San Diego,CA,US,16:11:43,2019-07-04
839,Gym classes,San Diego,CA,US,13:15:51,2019-07-04
713,Barre,San Diego,CA,US,15:33:40,2019-07-04
725,Interval training,San Diego,CA,US,7:16:25,2019-07-04
91,Cycling,San Diego,CA,US,15:31:30,2019-07-04
322,Martial arts,San Diego,CA,US,10:26:42,2019-07-04
810,Pilates,San Diego,CA,US,15:06:23,2019-07-04
63,Pilates,San Diego,CA,US,12:38:12,2019-07-04
3,Barre,San Diego,CA,US,18:43:44,2019-07-04
945,Cycling,San Diego,CA,US,8:11:09,2019-07-04
54,Body treatments,San Diego,CA,US,8:18:14,2019-07-04
275,Martial arts,San Diego,CA,US,17:27:39,2019-07-04
647,Interval training,San Diego,CA,US,11:29:16,2019-07-04
594,Gym classes,San Diego,CA,US,16:07:19,2019-07-04
10,Circuit training,San Diego,CA,US,14:48:24,2019-07-04
793,Pilates,San Diego,CA,US,7:33:20,2019-07-04
508,Pilates,San Diego,CA,US,19:54:23,2019-07-04
597,Interval training,San Diego,CA,US,4:15:06,2019-07-04
270,Dance,San Diego,CA,US,18:48:25,2019-07-04
267,Martial arts,San Diego,CA,US,6:31:48,2019-07-04
634,Cycling,San Diego,CA,US,13:28:26,2019-07-04
406,Circuit training,San Diego,CA,US,5:35:10,2019-07-05
853,Cycling,San Diego,CA,US,6:42:00,2019-07-05
491,Barre,San Diego,CA,US,8:02:52,2019-07-05
866,Body treatments,San Diego,CA,US,9:44:22,2019-07-05
977,Barre,San Diego,CA,US,12:11:12,2019-07-05
987,Martial arts,San Diego,CA,US,20:06:17,2019-07-05
282,Cycling,San Diego,CA,US,6:21:55,2019-07-05
896,Gym classes,San Diego,CA,US,7:42:02,2019-07-05
11,Interval training,San Diego,CA,US,17:35:43,2019-07-05
266,Circuit training,San Diego,CA,US,20:11:23,2019-07-05
691,Circuit training,San Diego,CA,US,8:29:52,2019-07-05
35,Meditation,San Diego,CA,US,19:59:33,2019-07-05
847,Dance,San Diego,CA,US,8:54:40,2019-07-05
227,Gym classes,San Diego,CA,US,6:14:05,2019-07-05
498,Circuit training,San Diego,CA,US,10:24:39,2019-07-05
171,Pilates,San Diego,CA,US,15:31:04,2019-07-05
940,Cycling,San Diego,CA,US,9:41:05,2019-07-05
939,Dance,San Diego,CA,US,6:11:08,2019-07-05
483,Personal training,San Diego,CA,US,20:44:50,2019-07-05
374,Personal training,San Diego,CA,US,11:45:03,2019-07-05
928,Interval training,San Diego,CA,US,11:45:09,2019-07-05
257,Pilates,San Diego,CA,US,7:22:38,2019-07-05
844,Tai chi,San Diego,CA,US,13:04:15,2019-07-05
728,Interval training,San Diego,CA,US,13:07:05,2019-07-05
480,Barre,San Diego,CA,US,19:18:47,2019-07-05
333,Pilates,San Diego,CA,US,14:03:37,2019-07-05
37,Pilates,San Diego,CA,US,6:57:31,2019-07-05
923,Interval training,San Diego,CA,US,18:26:54,2019-07-06
615,Other,San Diego,CA,US,20:21:05,2019-07-06
437,Meditation,San Diego,CA,US,9:44:10,2019-07-06
715,Tai chi,San Diego,CA,US,15:38:12,2019-07-06
599,Circuit training,San Diego,CA,US,7:34:44,2019-07-06
588,Cycling,San Diego,CA,US,12:44:05,2019-07-06
584,Gym classes,San Diego,CA,US,19:34:29,2019-07-06
644,Circuit training,San Diego,CA,US,9:38:09,2019-07-06
623,Dance,San Diego,CA,US,10:10:51,2019-07-06
711,Cycling,San Diego,CA,US,18:52:30,2019-07-06
109,Cycling,San Diego,CA,US,9:51:38,2019-07-06
950,Body treatments,San Diego,CA,US,12:21:13,2019-07-06
186,Other,San Diego,CA,US,14:48:49,2019-07-06
233,Martial arts,San Diego,CA,US,13:43:08,2019-07-06
795,Dance,San Diego,CA,US,4:25:01,2019-07-06
484,Tai chi,San Diego,CA,US,7:28:05,2019-07-06
153,Gym classes,San Diego,CA,US,7:43:04,2019-07-06
211,Body treatments,San Diego,CA,US,13:15:09,2019-07-06
749,Cycling,San Diego,CA,US,12:38:06,2019-07-06
146,Interval training,San Diego,CA,US,5:40:21,2019-07-06
115,Interval training,San Diego,CA,US,14:06:53,2019-07-07
133,Gym classes,San Diego,CA,US,7:28:21,2019-07-07
688,Gym classes,San Diego,CA,US,14:22:38,2019-07-07
230,Yoga,San Diego,CA,US,8:36:36,2019-07-07
897,Martial arts,San Diego,CA,US,8:28:54,2019-07-07
27,Yoga,San Diego,CA,US,5:33:13,2019-07-07
917,Barre,San Diego,CA,US,17:45:36,2019-07-07
89,Barre,San Diego,CA,US,9:43:32,2019-07-07
92,Barre,San Diego,CA,US,10:33:35,2019-07-07
767,Body treatments,San Diego,CA,US,14:44:29,2019-07-07
209,Cycling,San Diego,CA,US,15:52:09,2019-07-07
75,Martial arts,San Diego,CA,US,18:18:23,2019-07-07
996,Pilates,San Diego,CA,US,7:24:16,2019-07-07
395,Circuit training,San Diego,CA,US,6:27:15,2019-07-07
952,Gym classes,San Diego,CA,US,15:51:22,2019-07-07
144,Body treatments,San Diego,CA,US,17:42:48,2019-07-07
8,Personal training,San Diego,CA,US,19:28:01,2019-07-07
876,Cycling,San Diego,CA,US,8:37:24,2019-07-07
474,Dance,San Diego,CA,US,6:06:19,2019-07-07
540,Barre,San Diego,CA,US,16:47:39,2019-07-07
269,Meditation,San Diego,CA,US,16:18:57,2019-07-07
874,Interval training,San Diego,CA,US,20:50:50,2019-07-07
262,Pilates,San Diego,CA,US,7:28:39,2019-07-07
249,Cycling,San Diego,CA,US,4:42:28,2019-07-07
888,Circuit training,San Diego,CA,US,15:55:31,2019-07-07
217,Dance,San Diego,CA,US,4:58:01,2019-07-08
951,Meditation,San Diego,CA,US,15:47:40,2019-07-08
761,Personal training,San Diego,CA,US,10:25:35,2019-07-08
867,Martial arts,San Diego,CA,US,10:41:06,2019-07-08
315,Meditation,San Diego,CA,US,4:08:19,2019-07-08
222,Gym classes,San Diego,CA,US,6:43:53,2019-07-08
334,Yoga,San Diego,CA,US,11:58:14,2019-07-08
440,Interval training,San Diego,CA,US,20:19:06,2019-07-08
638,Martial arts,San Diego,CA,US,11:15:13,2019-07-08
637,Gym classes,San Diego,CA,US,13:04:24,2019-07-08
348,Pilates,San Diego,CA,US,18:40:35,2019-07-08
95,Pilates,San Diego,CA,US,20:41:51,2019-07-08
651,Meditation,San Diego,CA,US,14:31:07,2019-07-08
931,Personal training,San Diego,CA,US,5:02:11,2019-07-08
775,Pilates,San Diego,CA,US,15:27:19,2019-07-08
526,Cycling,San Diego,CA,US,13:50:11,2019-07-08
421,Circuit training,San Diego,CA,US,18:30:13,2019-07-08
62,Interval training,San Diego,CA,US,15:23:05,2019-07-08
994,Personal training,San Diego,CA,US,19:19:38,2019-07-09
417,Interval training,San Diego,CA,US,12:02:15,2019-07-09
971,Other,San Diego,CA,US,5:14:07,2019-07-09
142,Barre,San Diego,CA,US,16:39:12,2019-07-09
71,Yoga,San Diego,CA,US,20:05:00,2019-07-09
959,Circuit training,San Diego,CA,US,4:38:40,2019-07-09
595,Tai chi,San Diego,CA,US,18:13:45,2019-07-09
90,Dance,San Diego,CA,US,15:09:50,2019-07-09
771,Martial arts,San Diego,CA,US,9:31:33,2019-07-09
433,Meditation,San Diego,CA,US,11:52:53,2019-07-09
991,Dance,San Diego,CA,US,7:17:49,2019-07-09
832,Circuit training,San Diego,CA,US,8:22:23,2019-07-09
366,Personal training,San Diego,CA,US,17:18:33,2019-07-09
340,Tai chi,San Diego,CA,US,17:34:44,2019-07-09
816,Meditation,San Diego,CA,US,18:05:50,2019-07-09
801,Interval training,San Diego,CA,US,19:06:48,2019-07-09
344,Barre,San Diego,CA,US,17:33:47,2019-07-09
642,Barre,San Diego,CA,US,11:14:46,2019-07-09
899,Yoga,San Diego,CA,US,6:15:35,2019-07-09
885,Circuit training,San Diego,CA,US,9:38:57,2019-07-09
673,Interval training,San Diego,CA,US,10:36:12,2019-07-09
308,Personal training,San Diego,CA,US,19:45:43,2019-07-09
277,Personal training,San Diego,CA,US,20:53:59,2019-07-09
975,Dance,San Diego,CA,US,14:02:30,2019-07-09
695,Other,San Diego,CA,US,12:06:09,2019-07-09
309,Cycling,San Diego,CA,US,13:16:23,2019-07-09
456,Circuit training,San Diego,CA,US,12:06:58,2019-07-09
707,Tai chi,San Diego,CA,US,19:11:05,2019-07-09
510,Tai chi,San Diego,CA,US,18:50:30,2019-07-09
744,Personal training,San Diego,CA,US,17:22:49,2019-07-09
660,Dance,San Diego,CA,US,8:30:53,2019-07-09
428,Barre,San Diego,CA,US,13:18:03,2019-07-10
106,Circuit training,San Diego,CA,US,8:28:32,2019-07-10
557,Circuit training,San Diego,CA,US,13:12:36,2019-07-10
297,Yoga,San Diego,CA,US,18:05:48,2019-07-10
947,Cycling,San Diego,CA,US,16:44:53,2019-07-10
13,Martial arts,San Diego,CA,US,15:01:04,2019-07-10
167,Yoga,San Diego,CA,US,6:21:34,2019-07-10
821,Yoga,San Diego,CA,US,6:53:06,2019-07-10
212,Gym classes,San Diego,CA,US,12:49:58,2019-07-10
176,Barre,San Diego,CA,US,9:21:18,2019-07-10
114,Gym classes,San Diego,CA,US,11:26:28,2019-07-10
984,Barre,San Diego,CA,US,14:06:26,2019-07-10
393,Personal training,San Diego,CA,US,5:54:01,2019-07-10
447,Meditation,San Diego,CA,US,9:09:15,2019-07-10
516,Interval training,San Diego,CA,US,4:15:36,2019-07-10
324,Yoga,San Diego,CA,US,18:57:47,2019-07-10
218,Personal training,San Diego,CA,US,19:02:44,2019-07-10
766,Body treatments,San Diego,CA,US,10:50:53,2019-07-10
884,Interval training,San Diego,CA,US,14:30:07,2019-07-10
317,Other,San Diego,CA,US,15:52:10,2019-07-10
346,Interval training,San Diego,CA,US,10:56:34,2019-07-10
555,Interval training,San Diego,CA,US,10:10:26,2019-07-10
337,Circuit training,San Diego,CA,US,8:08:40,2019-07-10
166,Personal training,San Diego,CA,US,7:28:49,2019-07-11
102,Body treatments,San Diego,CA,US,17:37:07,2019-07-11
135,Dance,San Diego,CA,US,17:10:23,2019-07-11
380,Gym classes,San Diego,CA,US,6:16:14,2019-07-11
593,Gym classes,San Diego,CA,US,4:00:58,2019-07-11
736,Dance,San Diego,CA,US,15:53:36,2019-07-11
659,Body treatments,San Diego,CA,US,16:51:32,2019-07-11
60,Other,San Diego,CA,US,6:00:36,2019-07-11
575,Dance,San Diego,CA,US,18:33:10,2019-07-11
141,Martial arts,San Diego,CA,US,15:53:28,2019-07-11
732,Pilates,San Diego,CA,US,19:30:09,2019-07-11
33,Meditation,San Diego,CA,US,19:48:59,2019-07-11
205,Gym classes,San Diego,CA,US,18:08:55,2019-07-11
372,Body treatments,San Diego,CA,US,12:46:53,2019-07-11
934,Pilates,San Diego,CA,US,8:45:00,2019-07-11
104,Meditation,San Diego,CA,US,10:47:46,2019-07-11
729,Body treatments,San Diego,CA,US,20:01:55,2019-07-11
444,Martial arts,San Diego,CA,US,9:42:52,2019-07-11
300,Barre,San Diego,CA,US,7:38:04,2019-07-11
633,Martial arts,San Diego,CA,US,16:04:09,2019-07-11
768,Barre,San Diego,CA,US,9:17:58,2019-07-11
446,Gym classes,San Diego,CA,US,11:13:04,2019-07-11
656,Personal training,San Diego,CA,US,4:06:23,2019-07-12
69,Barre,San Diego,CA,US,13:03:31,2019-07-12
915,Personal training,San Diego,CA,US,11:48:05,2019-07-12
910,Pilates,San Diego,CA,US,10:20:22,2019-07-12
460,Personal training,San Diego,CA,US,19:58:58,2019-07-12
989,Meditation,San Diego,CA,US,10:20:12,2019-07-12
21,Interval training,San Diego,CA,US,7:51:26,2019-07-12
556,Personal training,San Diego,CA,US,4:26:47,2019-07-12
958,Interval training,San Diego,CA,US,18:05:20,2019-07-12
819,Other,San Diego,CA,US,18:07:30,2019-07-12
655,Tai chi,San Diego,CA,US,16:45:51,2019-07-12
163,Pilates,San Diego,CA,US,14:58:51,2019-07-12
378,Dance,San Diego,CA,US,12:52:54,2019-07-12
377,Other,San Diego,CA,US,4:58:39,2019-07-12
717,Other,San Diego,CA,US,19:36:02,2019-07-12
978,Meditation,San Diego,CA,US,10:46:57,2019-07-13
562,Barre,San Diego,CA,US,9:33:31,2019-07-13
7,Interval training,San Diego,CA,US,10:38:01,2019-07-13
467,Circuit training,San Diego,CA,US,9:22:20,2019-07-13
970,Interval training,San Diego,CA,US,5:42:08,2019-07-13
423,Personal training,San Diego,CA,US,4:37:45,2019-07-13
512,Tai chi,San Diego,CA,US,11:14:56,2019-07-13
429,Pilates,San Diego,CA,US,6:15:11,2019-07-13
535,Gym classes,San Diego,CA,US,6:26:39,2019-07-13
519,Gym classes,San Diego,CA,US,10:36:23,2019-07-13
335,Yoga,San Diego,CA,US,14:48:17,2019-07-13
332,Martial arts,San Diego,CA,US,5:45:17,2019-07-13
743,Yoga,San Diego,CA,US,12:01:26,2019-07-13
670,Meditation,San Diego,CA,US,10:56:47,2019-07-13
871,Gym classes,San Diego,CA,US,11:39:39,2019-07-13
174,Dance,San Diego,CA,US,8:28:14,2019-07-13
349,Interval training,San Diego,CA,US,19:31:09,2019-07-13
892,Tai chi,San Diego,CA,US,10:24:48,2019-07-13
735,Tai chi,San Diego,CA,US,5:17:47,2019-07-13
296,Pilates,San Diego,CA,US,8:12:34,2019-07-13
787,Cycling,San Diego,CA,US,12:35:55,2019-07-13
363,Body treatments,San Diego,CA,US,9:39:22,2019-07-13
827,Gym classes,San Diego,CA,US,15:24:34,2019-07-13
96,Other,San Diego,CA,US,16:15:21,2019-07-13
938,Circuit training,San Diego,CA,US,11:03:36,2019-07-13
935,Pilates,San Diego,CA,US,20:43:25,2019-07-13
129,Other,San Diego,CA,US,14:22:48,2019-07-14
434,Tai chi,San Diego,CA,US,4:09:38,2019-07-14
893,Interval training,San Diego,CA,US,17:53:47,2019-07-14
574,Cycling,San Diego,CA,US,15:39:49,2019-07-14
877,Circuit training,San Diego,CA,US,11:19:07,2019-07-14
702,Body treatments,San Diego,CA,US,18:35:04,2019-07-14
16,Dance,San Diego,CA,US,7:47:30,2019-07-14
705,Body treatments,San Diego,CA,US,6:38:24,2019-07-14
723,Circuit training,San Diego,CA,US,11:55:10,2019-07-14
457,Pilates,San Diego,CA,US,20:48:59,2019-07-14
258,Body treatments,San Diego,CA,US,12:40:42,2019-07-14
533,Circuit training,San Diego,CA,US,4:18:31,2019-07-14
988,Dance,San Diego,CA,US,20:07:29,2019-07-14
271,Interval training,San Diego,CA,US,13:11:01,2019-07-14
813,Yoga,San Diego,CA,US,19:25:13,2019-07-14
399,Body treatments,San Diego,CA,US,20:42:31,2019-07-14
956,Circuit training,San Diego,CA,US,6:49:20,2019-07-14
944,Barre,San Diego,CA,US,7:43:52,2019-07-14
941,Barre,San Diego,CA,US,19:49:23,2019-07-14
384,Gym classes,San Diego,CA,US,5:39:56,2019-07-14
648,Martial arts,San Diego,CA,US,18:14:10,2019-07-14
157,Other,San Diego,CA,US,11:42:06,2019-07-14
834,Interval training,San Diego,CA,US,17:31:45,2019-07-14
228,Dance,San Diego,CA,US,13:57:09,2019-07-14
140,Interval training,San Diego,CA,US,11:38:24,2019-07-14
550,Personal training,San Diego,CA,US,14:29:56,2019-07-14
747,Dance,San Diego,CA,US,4:35:10,2019-07-14
733,Barre,San Diego,CA,US,8:24:12,2019-07-15
773,Cycling,San Diego,CA,US,16:50:21,2019-07-15
796,Martial arts,San Diego,CA,US,17:23:01,2019-07-15
748,Dance,San Diego,CA,US,6:48:14,2019-07-15
520,Cycling,San Diego,CA,US,20:01:04,2019-07-15
803,Yoga,San Diego,CA,US,10:06:38,2019-07-15
745,Yoga,San Diego,CA,US,11:03:08,2019-07-15
479,Yoga,San Diego,CA,US,4:53:33,2019-07-15
983,Cycling,San Diego,CA,US,15:26:53,2019-07-15
815,Dance,San Diego,CA,US,4:35:02,2019-07-15
631,Interval training,San Diego,CA,US,6:44:11,2019-07-15
620,Meditation,San Diego,CA,US,8:21:19,2019-07-15
621,Personal training,San Diego,CA,US,17:21:08,2019-07-15
356,Tai chi,San Diego,CA,US,5:13:30,2019-07-15
601,Yoga,San Diego,CA,US,7:59:33,2019-07-15
545,Pilates,San Diego,CA,US,11:55:36,2019-07-15
319,Meditation,San Diego,CA,US,20:04:13,2019-07-15
387,Barre,San Diego,CA,US,16:42:58,2019-07-15
74,Tai chi,San Diego,CA,US,18:51:41,2019-07-15
908,Dance,San Diego,CA,US,10:25:19,2019-07-15
65,Circuit training,San Diego,CA,US,13:26:20,2019-07-15
400,Martial arts,San Diego,CA,US,19:01:50,2019-07-15
303,Barre,San Diego,CA,US,19:53:56,2019-07-15
405,Circuit training,San Diego,CA,US,15:10:56,2019-07-15
108,Martial arts,San Diego,CA,US,7:29:27,2019-07-15
694,Martial arts,San Diego,CA,US,8:20:14,2019-07-15
451,Dance,San Diego,CA,US,6:19:36,2019-07-15
986,Other,San Diego,CA,US,5:06:33,2019-07-15
310,Cycling,San Diego,CA,US,10:44:04,2019-07-15
967,Martial arts,San Diego,CA,US,8:53:49,2019-07-15
960,Cycling,San Diego,CA,US,9:02:01,2019-07-16
882,Meditation,San Diego,CA,US,12:56:15,2019-07-16
848,Barre,San Diego,CA,US,8:44:12,2019-07-16
883,Other,San Diego,CA,US,19:45:30,2019-07-16
814,Martial arts,San Diego,CA,US,16:57:22,2019-07-16
496,Martial arts,San Diego,CA,US,9:24:22,2019-07-16
976,Interval training,San Diego,CA,US,15:46:29,2019-07-16
737,Tai chi,San Diego,CA,US,10:39:39,2019-07-16
683,Pilates,San Diego,CA,US,12:00:06,2019-07-16
610,Interval training,San Diego,CA,US,7:59:56,2019-07-16
573,Barre,San Diego,CA,US,11:11:04,2019-07-16
999,Yoga,San Diego,CA,US,13:31:46,2019-07-16
94,Interval training,San Diego,CA,US,16:50:44,2019-07-16
23,Interval training,San Diego,CA,US,12:11:52,2019-07-16
213,Circuit training,San Diego,CA,US,11:09:34,2019-07-16
283,Yoga,San Diego,CA,US,10:47:44,2019-07-16
412,Gym classes,San Diego,CA,US,8:52:19,2019-07-16
243,Tai chi,San Diego,CA,US,12:15:14,2019-07-16
290,Tai chi,San Diego,CA,US,6:12:26,2019-07-16
125,Circuit training,San Diego,CA,US,8:38:26,2019-07-16
6,Dance,San Diego,CA,US,18:25:51,2019-07-16
184,Martial arts,San Diego,CA,US,13:15:27,2019-07-16
276,Tai chi,San Diego,CA,US,5:47:47,2019-07-16
326,Meditation,San Diego,CA,US,5:29:06,2019-07-17
617,Cycling,San Diego,CA,US,6:02:54,2019-07-17
472,Gym classes,San Diego,CA,US,18:27:45,2019-07-17
537,Tai chi,San Diego,CA,US,9:13:56,2019-07-17
806,Gym classes,San Diego,CA,US,16:21:19,2019-07-17
953,Cycling,San Diego,CA,US,17:20:31,2019-07-17
965,Pilates,San Diego,CA,US,12:40:33,2019-07-17
182,Circuit training,San Diego,CA,US,14:01:56,2019-07-17
278,Circuit training,San Diego,CA,US,9:34:29,2019-07-17
671,Other,San Diego,CA,US,10:30:47,2019-07-17
427,Meditation,San Diego,CA,US,8:35:06,2019-07-17
652,Gym classes,San Diego,CA,US,4:07:23,2019-07-17
61,Body treatments,San Diego,CA,US,7:38:53,2019-07-17
981,Yoga,San Diego,CA,US,9:46:11,2019-07-17
316,Meditation,San Diego,CA,US,14:04:03,2019-07-17
684,Other,San Diego,CA,US,17:48:25,2019-07-17
788,Cycling,San Diego,CA,US,8:14:02,2019-07-17
67,Interval training,San Diego,CA,US,15:43:51,2019-07-17
193,Interval training,San Diego,CA,US,6:09:51,2019-07-17
680,Barre,San Diego,CA,US,14:55:38,2019-07-17
98,Gym classes,San Diego,CA,US,4:46:14,2019-07-17
342,Personal training,San Diego,CA,US,15:30:52,2019-07-17
274,Interval training,San Diego,CA,US,7:18:03,2019-07-17
9,Martial arts,San Diego,CA,US,18:11:55,2019-07-17
232,Dance,San Diego,CA,US,5:54:54,2019-07-17
997,Martial arts,San Diego,CA,US,9:21:27,2019-07-17
571,Interval training,San Diego,CA,US,17:40:15,2019-07-18
173,Yoga,San Diego,CA,US,10:12:11,2019-07-18
861,Barre,San Diego,CA,US,13:16:10,2019-07-18
127,Other,San Diego,CA,US,10:04:34,2019-07-18
783,Dance,San Diego,CA,US,6:53:09,2019-07-18
823,Circuit training,San Diego,CA,US,13:47:22,2019-07-18
430,Meditation,San Diego,CA,US,13:47:47,2019-07-18
600,Body treatments,San Diego,CA,US,13:15:30,2019-07-18
293,Tai chi,San Diego,CA,US,12:42:53,2019-07-18
580,Body treatments,San Diego,CA,US,7:08:11,2019-07-18
875,Cycling,San Diego,CA,US,6:16:08,2019-07-18
461,Body treatments,San Diego,CA,US,10:11:56,2019-07-18
627,Circuit training,San Diego,CA,US,9:06:24,2019-07-18
507,Cycling,San Diego,CA,US,16:16:17,2019-07-18
902,Circuit training,San Diego,CA,US,17:17:13,2019-07-18
751,Barre,San Diego,CA,US,8:14:09,2019-07-18
158,Body treatments,San Diego,CA,US,5:14:55,2019-07-18
968,Barre,San Diego,CA,US,12:02:19,2019-07-18
754,Circuit training,San Diego,CA,US,9:56:28,2019-07-18
336,Meditation,San Diego,CA,US,18:32:48,2019-07-18
226,Yoga,San Diego,CA,US,11:40:38,2019-07-18
509,Other,San Diego,CA,US,16:09:32,2019-07-18
628,Pilates,San Diego,CA,US,9:46:49,2019-07-18
954,Barre,San Diego,CA,US,11:48:49,2019-07-18
495,Martial arts,San Diego,CA,US,14:53:09,2019-07-18
390,Body treatments,San Diego,CA,US,13:52:09,2019-07-18
488,Tai chi,San Diego,CA,US,9:17:13,2019-07-18
724,Barre,San Diego,CA,US,13:03:34,2019-07-19
413,Barre,San Diego,CA,US,9:12:47,2019-07-19
100,Tai chi,San Diego,CA,US,4:20:12,2019-07-19
630,Interval training,San Diego,CA,US,14:18:30,2019-07-19
185,Meditation,San Diego,CA,US,18:02:10,2019-07-19
778,Yoga,San Diego,CA,US,13:09:51,2019-07-19
103,Yoga,San Diego,CA,US,6:53:41,2019-07-19
38,Tai chi,San Diego,CA,US,18:48:18,2019-07-19
84,Interval training,San Diego,CA,US,14:51:00,2019-07-19
330,Personal training,San Diego,CA,US,13:22:18,2019-07-19
470,Barre,San Diego,CA,US,10:05:53,2019-07-19
130,Cycling,San Diego,CA,US,6:08:45,2019-07-19
229,Interval training,San Diego,CA,US,10:05:41,2019-07-19
764,Barre,San Diego,CA,US,4:32:00,2019-07-19
704,Other,San Diego,CA,US,4:46:44,2019-07-19
904,Cycling,San Diego,CA,US,11:22:22,2019-07-19
73,Pilates,San Diego,CA,US,14:04:14,2019-07-19
776,Pilates,San Diego,CA,US,10:12:09,2019-07-19
697,Barre,San Diego,CA,US,9:09:25,2019-07-19
833,Meditation,San Diego,CA,US,14:23:35,2019-07-19
306,Barre,San Diego,CA,US,14:47:28,2019-07-19
137,Barre,San Diego,CA,US,16:55:49,2019-07-20
605,Meditation,San Diego,CA,US,9:02:42,2019-07-20
370,Other,San Diego,CA,US,12:12:13,2019-07-20
613,Cycling,San Diego,CA,US,18:31:28,2019-07-20
328,Pilates,San Diego,CA,US,8:43:49,2019-07-20
645,Circuit training,San Diego,CA,US,8:16:53,2019-07-20
147,Body treatments,San Diego,CA,US,18:41:46,2019-07-20
625,Personal training,San Diego,CA,US,20:56:42,2019-07-20
382,Pilates,San Diego,CA,US,13:55:59,2019-07-20
664,Tai chi,San Diego,CA,US,18:37:03,2019-07-20
746,Cycling,San Diego,CA,US,17:13:34,2019-07-20
492,Cycling,San Diego,CA,US,12:52:23,2019-07-20
553,Martial arts,San Diego,CA,US,16:42:41,2019-07-20
247,Meditation,San Diego,CA,US,5:59:14,2019-07-20
703,Pilates,San Diego,CA,US,15:10:44,2019-07-20
772,Barre,San Diego,CA,US,16:32:24,2019-07-20
93,Martial arts,San Diego,CA,US,11:38:21,2019-07-20
76,Tai chi,San Diego,CA,US,8:32:09,2019-07-20
678,Body treatments,San Diego,CA,US,8:25:54,2019-07-20
414,Gym classes,San Diego,CA,US,14:54:32,2019-07-20
189,Circuit training,San Diego,CA,US,10:40:20,2019-07-20
494,Personal training,San Diego,CA,US,19:37:08,2019-07-20
809,Dance,San Diego,CA,US,18:49:32,2019-07-20
518,Barre,San Diego,CA,US,18:03:45,2019-07-20
313,Cycling,San Diego,CA,US,17:43:15,2019-07-20
525,Other,San Diego,CA,US,16:39:00,2019-07-21
517,Personal training,San Diego,CA,US,5:59:28,2019-07-21
466,Pilates,San Diego,CA,US,18:29:28,2019-07-21
641,Martial arts,San Diego,CA,US,17:50:53,2019-07-21
476,Pilates,San Diego,CA,US,19:39:03,2019-07-21
273,Gym classes,San Diego,CA,US,7:13:49,2019-07-21
325,Gym classes,San Diego,CA,US,5:25:04,2019-07-21
700,Other,San Diego,CA,US,20:33:39,2019-07-21
169,Gym classes,San Diego,CA,US,19:46:41,2019-07-21
609,Gym classes,San Diego,CA,US,18:47:15,2019-07-21
862,Yoga,San Diego,CA,US,5:05:36,2019-07-21
28,Cycling,San Diego,CA,US,19:03:33,2019-07-21
17,Personal training,San Diego,CA,US,10:50:10,2019-07-21
323,Pilates,San Diego,CA,US,12:22:35,2019-07-21
924,Yoga,San Diego,CA,US,8:22:37,2019-07-21
921,Cycling,San Diego,CA,US,20:56:45,2019-07-21
835,Interval training,San Diego,CA,US,8:50:38,2019-07-21
170,Yoga,San Diego,CA,US,15:11:22,2019-07-21
122,Interval training,San Diego,CA,US,9:56:47,2019-07-21
121,Tai chi,San Diego,CA,US,15:24:37,2019-07-21
808,Other,San Diego,CA,US,17:09:08,2019-07-21
782,Gym classes,San Diego,CA,US,17:32:26,2019-07-21
181,Cycling,San Diego,CA,US,18:02:04,2019-07-22
784,Gym classes,San Diego,CA,US,4:13:35,2019-07-22
692,Barre,San Diego,CA,US,20:27:15,2019-07-22
292,Body treatments,San Diego,CA,US,12:54:07,2019-07-22
320,Personal training,San Diego,CA,US,17:10:36,2019-07-22
177,Dance,San Diego,CA,US,19:13:12,2019-07-22
701,Meditation,San Diego,CA,US,15:34:11,2019-07-22
837,Interval training,San Diego,CA,US,7:32:10,2019-07-22
261,Tai chi,San Diego,CA,US,6:11:26,2019-07-22
407,Interval training,San Diego,CA,US,14:20:49,2019-07-22
123,Personal training,San Diego,CA,US,4:11:38,2019-07-22
554,Barre,San Diego,CA,US,12:46:00,2019-07-22
868,Tai chi,San Diego,CA,US,6:18:54,2019-07-22
568,Cycling,San Diego,CA,US,13:38:12,2019-07-22
539,Other,San Diego,CA,US,10:15:09,2019-07-22
858,Martial arts,San Diego,CA,US,11:53:31,2019-07-22
895,Barre,San Diego,CA,US,11:13:48,2019-07-22
360,Personal training,San Diego,CA,US,14:05:19,2019-07-22
385,Pilates,San Diego,CA,US,14:16:02,2019-07-22
45,Interval training,San Diego,CA,US,12:00:30,2019-07-22
36,Body treatments,San Diego,CA,US,7:20:32,2019-07-22
30,Other,San Diego,CA,US,19:33:50,2019-07-22
352,Barre,San Diego,CA,US,5:08:46,2019-07-22
506,Gym classes,San Diego,CA,US,18:58:40,2019-07-22
22,Barre,San Diego,CA,US,6:25:47,2019-07-22
503,Martial arts,San Diego,CA,US,14:41:36,2019-07-22
46,Personal training,San Diego,CA,US,8:30:31,2019-07-22
676,Gym classes,San Diego,CA,US,6:06:39,2019-07-23
686,Other,San Diego,CA,US,12:44:59,2019-07-23
798,Tai chi,San Diego,CA,US,15:01:18,2019-07-23
679,Circuit training,San Diego,CA,US,20:07:56,2019-07-23
632,Barre,San Diego,CA,US,17:46:55,2019-07-23
302,Tai chi,San Diego,CA,US,17:06:18,2019-07-23
913,Yoga,San Diego,CA,US,19:16:30,2019-07-23
345,Circuit training,San Diego,CA,US,9:05:33,2019-07-23
548,Barre,San Diego,CA,US,14:13:29,2019-07-23
785,Personal training,San Diego,CA,US,4:27:02,2019-07-23
551,Interval training,San Diego,CA,US,4:24:16,2019-07-23
404,Dance,San Diego,CA,US,9:33:22,2019-07-23
59,Interval training,San Diego,CA,US,20:30:17,2019-07-23
536,Personal training,San Diego,CA,US,7:55:26,2019-07-23
52,Personal training,San Diego,CA,US,12:32:30,2019-07-23
49,Martial arts,San Diego,CA,US,13:56:48,2019-07-23
706,Pilates,San Diego,CA,US,11:47:23,2019-07-23
524,Circuit training,San Diego,CA,US,4:29:43,2019-07-23
294,Circuit training,San Diego,CA,US,13:34:34,2019-07-23
401,Yoga,San Diego,CA,US,15:29:12,2019-07-23
192,Yoga,San Diego,CA,US,17:48:19,2019-07-23
149,Martial arts,San Diego,CA,US,18:26:34,2019-07-23
582,Martial arts,San Diego,CA,US,16:37:57,2019-07-23
101,Circuit training,San Diego,CA,US,15:58:22,2019-07-23
590,Dance,San Diego,CA,US,10:46:40,2019-07-23
831,Cycling,San Diego,CA,US,8:32:34,2019-07-23
150,Gym classes,San Diego,CA,US,7:56:57,2019-07-23
854,Gym classes,San Diego,CA,US,9:14:35,2019-07-23
165,Dance,San Diego,CA,US,14:04:50,2019-07-23
255,Cycling,San Diego,CA,US,8:06:17,2019-07-24
948,Pilates,San Diego,CA,US,11:16:17,2019-07-24
779,Other,San Diego,CA,US,10:00:44,2019-07-24
614,Yoga,San Diego,CA,US,7:49:42,2019-07-24
453,Yoga,San Diego,CA,US,14:19:56,2019-07-24
164,Barre,San Diego,CA,US,15:34:47,2019-07-24
851,Tai chi,San Diego,CA,US,19:34:46,2019-07-24
643,Barre,San Diego,CA,US,10:41:58,2019-07-24
718,Body treatments,San Diego,CA,US,5:28:54,2019-07-24
640,Martial arts,San Diego,CA,US,20:33:19,2019-07-24
523,Meditation,San Diego,CA,US,11:26:39,2019-07-24
579,Body treatments,San Diego,CA,US,7:01:55,2019-07-24
431,Barre,San Diego,CA,US,12:29:45,2019-07-24
611,Cycling,San Diego,CA,US,5:04:07,2019-07-24
932,Cycling,San Diego,CA,US,14:12:10,2019-07-24
250,Other,San Diego,CA,US,7:24:08,2019-07-24
993,Pilates,San Diego,CA,US,7:49:17,2019-07-24
589,Body treatments,San Diego,CA,US,5:29:56,2019-07-24
314,Tai chi,San Diego,CA,US,11:40:15,2019-07-24
759,Tai chi,San Diego,CA,US,17:18:04,2019-07-24
889,Body treatments,San Diego,CA,US,5:48:07,2019-07-24
973,Pilates,San Diego,CA,US,11:18:35,2019-07-24
116,Interval training,San Diego,CA,US,13:48:22,2019-07-24
916,Gym classes,San Diego,CA,US,7:01:59,2019-07-24
172,Gym classes,San Diego,CA,US,16:38:08,2019-07-24
926,Barre,San Diego,CA,US,18:52:18,2019-07-24
842,Meditation,San Diego,CA,US,15:17:40,2019-07-24
339,Meditation,San Diego,CA,US,20:45:12,2019-07-24
914,Interval training,San Diego,CA,US,17:57:49,2019-07-24
152,Meditation,San Diego,CA,US,5:28:30,2019-07-25
992,Other,San Diego,CA,US,14:41:11,2019-07-25
40,Dance,San Diego,CA,US,14:09:14,2019-07-25
985,Circuit training,San Diego,CA,US,20:52:44,2019-07-25
903,Personal training,San Diego,CA,US,20:32:00,2019-07-25
224,Pilates,San Diego,CA,US,4:52:00,2019-07-25
963,Yoga,San Diego,CA,US,15:04:26,2019-07-25
765,Tai chi,San Diego,CA,US,20:21:10,2019-07-25
161,Yoga,San Diego,CA,US,19:03:59,2019-07-25
80,Personal training,San Diego,CA,US,11:22:49,2019-07-25
132,Yoga,San Diego,CA,US,17:41:05,2019-07-25
128,Other,San Diego,CA,US,15:40:52,2019-07-25
881,Other,San Diego,CA,US,10:55:49,2019-07-25
178,Cycling,San Diego,CA,US,12:46:11,2019-07-25
792,Gym classes,San Diego,CA,US,16:17:38,2019-07-25
909,Martial arts,San Diego,CA,US,18:35:21,2019-07-25
105,Barre,San Diego,CA,US,20:43:37,2019-07-25
898,Cycling,San Diego,CA,US,5:19:58,2019-07-25
41,Circuit training,San Diego,CA,US,4:23:47,2019-07-25
56,Yoga,San Diego,CA,US,19:33:58,2019-07-25
499,Meditation,San Diego,CA,US,10:42:29,2019-07-25
667,Tai chi,San Diego,CA,US,16:02:51,2019-07-25
362,Barre,San Diego,CA,US,6:44:00,2019-07-25
285,Interval training,San Diego,CA,US,8:32:31,2019-07-25
608,Gym classes,San Diego,CA,US,14:58:52,2019-07-25
596,Circuit training,San Diego,CA,US,9:23:17,2019-07-25
392,Pilates,San Diego,CA,US,14:52:18,2019-07-25
432,Circuit training,San Diego,CA,US,13:23:14,2019-07-25
527,Barre,San Diego,CA,US,18:48:14,2019-07-25
677,Barre,San Diego,CA,US,12:40:42,2019-07-25
502,Barre,San Diego,CA,US,4:02:05,2019-07-25
489,Yoga,San Diego,CA,US,11:22:39,2019-07-25
998,Martial arts,San Diego,CA,US,14:35:28,2019-07-25
478,Gym classes,San Diego,CA,US,20:08:15,2019-07-25
355,Body treatments,San Diego,CA,US,4:17:04,2019-07-25
658,Personal training,San Diego,CA,US,7:40:40,2019-07-26
852,Meditation,San Diego,CA,US,19:25:47,2019-07-26
196,Body treatments,San Diego,CA,US,17:15:29,2019-07-26
180,Yoga,San Diego,CA,US,20:09:38,2019-07-26
367,Meditation,San Diego,CA,US,19:34:27,2019-07-26
246,Body treatments,San Diego,CA,US,9:57:55,2019-07-26
198,Meditation,San Diego,CA,US,11:58:57,2019-07-26
200,Personal training,San Diego,CA,US,14:52:37,2019-07-26
878,Personal training,San Diego,CA,US,7:28:01,2019-07-26
208,Personal training,San Diego,CA,US,8:08:03,2019-07-26
12,Dance,San Diego,CA,US,11:39:21,2019-07-26
709,Tai chi,San Diego,CA,US,15:23:46,2019-07-26
39,Cycling,San Diego,CA,US,17:48:23,2019-07-26
682,Pilates,San Diego,CA,US,15:44:08,2019-07-26
391,Meditation,San Diego,CA,US,17:06:11,2019-07-26
475,Pilates,San Diego,CA,US,19:15:10,2019-07-26
791,Tai chi,San Diego,CA,US,4:21:43,2019-07-26
565,Meditation,San Diego,CA,US,12:11:02,2019-07-26
487,Pilates,San Diego,CA,US,12:51:51,2019-07-26
619,Cycling,San Diego,CA,US,13:17:13,2019-07-26
646,Other,San Diego,CA,US,14:25:05,2019-07-26
187,Martial arts,San Diego,CA,US,6:53:57,2019-07-26
251,Other,San Diego,CA,US,5:32:01,2019-07-26
436,Yoga,San Diego,CA,US,17:32:59,2019-07-26
72,Body treatments,San Diego,CA,US,5:22:14,2019-07-26
459,Barre,San Diego,CA,US,6:08:36,2019-07-26
341,Tai chi,San Diego,CA,US,15:02:02,2019-07-26
450,Barre,San Diego,CA,US,18:19:46,2019-07-26
57,Body treatments,San Diego,CA,US,16:53:57,2019-07-26
654,Pilates,San Diego,CA,US,8:54:24,2019-07-26
151,Tai chi,San Diego,CA,US,11:49:08,2019-07-27
156,Pilates,San Diego,CA,US,4:30:29,2019-07-27
626,Gym classes,San Diego,CA,US,20:15:35,2019-07-27
329,Interval training,San Diego,CA,US,12:25:59,2019-07-27
343,Personal training,San Diego,CA,US,15:20:47,2019-07-27
836,Tai chi,San Diego,CA,US,20:18:41,2019-07-27
636,Pilates,San Diego,CA,US,10:06:02,2019-07-27
818,Barre,San Diego,CA,US,20:01:40,2019-07-27
175,Interval training,San Diego,CA,US,11:08:49,2019-07-27
731,Other,San Diego,CA,US,11:10:45,2019-07-27
359,Yoga,San Diego,CA,US,8:49:10,2019-07-27
490,Tai chi,San Diego,CA,US,16:50:02,2019-07-27
980,Dance,San Diego,CA,US,19:50:23,2019-07-27
511,Gym classes,San Diego,CA,US,5:53:42,2019-07-27
468,Yoga,San Diego,CA,US,14:31:12,2019-07-27
528,Other,San Diego,CA,US,8:19:29,2019-07-27
58,Other,San Diego,CA,US,15:39:51,2019-07-27
442,Other,San Diego,CA,US,9:23:49,2019-07-27
927,Yoga,San Diego,CA,US,15:37:03,2019-07-27
148,Yoga,San Diego,CA,US,5:30:38,2019-07-27
418,Body treatments,San Diego,CA,US,18:47:47,2019-07-27
577,Cycling,San Diego,CA,US,6:52:57,2019-07-27
587,Meditation,San Diego,CA,US,9:58:25,2019-07-27
107,Dance,San Diego,CA,US,11:51:42,2019-07-27
388,Personal training,San Diego,CA,US,9:40:42,2019-07-27
811,Body treatments,San Diego,CA,US,13:57:53,2019-07-27
607,Yoga,San Diego,CA,US,13:04:30,2019-07-27
134,Yoga,San Diego,CA,US,11:28:07,2019-07-27
855,Martial arts,San Diego,CA,US,11:10:06,2019-07-27
919,Personal training,San Diego,CA,US,15:21:54,2019-07-27
880,Martial arts,San Diego,CA,US,20:45:08,2019-07-27
865,Personal training,San Diego,CA,US,5:04:13,2019-07-27
254,Personal training,San Diego,CA,US,11:59:46,2019-07-27
722,Circuit training,San Diego,CA,US,4:11:31,2019-07-27
244,Interval training,San Diego,CA,US,19:51:18,2019-07-27
188,Gym classes,San Diego,CA,US,4:45:12,2019-07-27
760,Other,San Diego,CA,US,5:52:53,2019-07-28
238,Tai chi,San Diego,CA,US,16:31:42,2019-07-28
721,Gym classes,San Diego,CA,US,17:45:20,2019-07-28
154,Tai chi,San Diego,CA,US,4:23:54,2019-07-28
879,Meditation,San Diego,CA,US,6:36:37,2019-07-28
438,Other,San Diego,CA,US,15:10:22,2019-07-28
716,Barre,San Diego,CA,US,11:38:34,2019-07-28
693,Interval training,San Diego,CA,US,20:51:37,2019-07-28
930,Interval training,San Diego,CA,US,9:38:40,2019-07-28
83,Circuit training,San Diego,CA,US,17:09:04,2019-07-28
280,Barre,San Diego,CA,US,15:10:34,2019-07-28
857,Meditation,San Diego,CA,US,18:26:17,2019-07-28
97,Yoga,San Diego,CA,US,4:11:51,2019-07-28
912,Yoga,San Diego,CA,US,6:51:24,2019-07-28
409,Dance,San Diego,CA,US,14:43:38,2019-07-28
397,Gym classes,San Diego,CA,US,4:01:46,2019-07-28
900,Circuit training,San Diego,CA,US,9:59:55,2019-07-28
891,Gym classes,San Diego,CA,US,14:36:36,2019-07-28
592,Other,San Diego,CA,US,8:45:24,2019-07-28
118,Pilates,San Diego,CA,US,17:00:41,2019-07-28
139,Gym classes,San Diego,CA,US,5:04:33,2019-07-28
338,Cycling,San Diego,CA,US,16:48:06,2019-07-28
381,Tai chi,San Diego,CA,US,7:04:53,2019-07-28
331,Meditation,San Diego,CA,US,10:17:37,2019-07-28
264,Gym classes,San Diego,CA,US,9:14:46,2019-07-28
24,Tai chi,San Diego,CA,US,8:31:05,2019-07-28
650,Martial arts,San Diego,CA,US,13:35:32,2019-07-28
469,Cycling,San Diego,CA,US,5:45:05,2019-07-28
272,Tai chi,San Diego,CA,US,5:56:05,2019-07-28
824,Personal training,San Diego,CA,US,20:36:28,2019-07-28
800,Tai chi,San Diego,CA,US,8:14:14,2019-07-29
758,Interval training,San Diego,CA,US,15:00:17,2019-07-29
26,Tai chi,San Diego,CA,US,19:36:41,2019-07-29
563,Gym classes,San Diego,CA,US,9:28:51,2019-07-29
979,Pilates,San Diego,CA,US,16:20:14,2019-07-29
191,Cycling,San Diego,CA,US,5:59:24,2019-07-29
410,Pilates,San Diego,CA,US,4:28:20,2019-07-29
863,Barre,San Diego,CA,US,15:42:38,2019-07-29
136,Personal training,San Diego,CA,US,10:35:21,2019-07-29
672,Interval training,San Diego,CA,US,15:19:02,2019-07-29
111,Circuit training,San Diego,CA,US,14:00:18,2019-07-29
805,Pilates,San Diego,CA,US,15:28:55,2019-07-29
661,Barre,San Diego,CA,US,7:16:06,2019-07-29
777,Gym classes,San Diego,CA,US,18:34:25,2019-07-29
64,Yoga,San Diego,CA,US,5:01:47,2019-07-29
657,Yoga,San Diego,CA,US,16:14:46,2019-07-29
463,Meditation,San Diego,CA,US,14:31:00,2019-07-29
789,Circuit training,San Diego,CA,US,5:23:26,2019-07-29
946,Martial arts,San Diego,CA,US,13:30:45,2019-07-29
195,Meditation,San Diego,CA,US,8:25:51,2019-07-29
840,Barre,San Diego,CA,US,12:50:30,2019-07-29
966,Tai chi,San Diego,CA,US,14:18:03,2019-07-29
465,Interval training,San Diego,CA,US,4:01:50,2019-07-29
70,Martial arts,San Diego,CA,US,16:27:03,2019-07-29
291,Circuit training,San Diego,CA,US,6:44:47,2019-07-29
822,Cycling,San Diego,CA,US,16:33:17,2019-07-29
937,Gym classes,San Diego,CA,US,13:42:16,2019-07-30
78,Cycling,San Diego,CA,US,15:27:13,2019-07-30
14,Body treatments,San Diego,CA,US,17:35:05,2019-07-30
53,Dance,San Diego,CA,US,11:06:44,2019-07-30
113,Body treatments,San Diego,CA,US,13:28:33,2019-07-30
4,Other,San Diego,CA,US,8:00:58,2019-07-30
214,Body treatments,San Diego,CA,US,10:59:12,2019-07-30
943,Dance,San Diego,CA,US,7:55:06,2019-07-30
756,Yoga,San Diego,CA,US,17:36:16,2019-07-30
312,Circuit training,San Diego,CA,US,15:54:47,2019-07-30
820,Interval training,San Diego,CA,US,8:26:17,2019-07-30
138,Interval training,San Diego,CA,US,20:48:56,2019-07-30
825,Dance,San Diego,CA,US,10:13:12,2019-07-30
373,Interval training,San Diego,CA,US,18:38:10,2019-07-30
351,Personal training,San Diego,CA,US,5:42:55,2019-07-30
284,Meditation,San Diego,CA,US,19:43:36,2019-07-30
843,Dance,San Diego,CA,US,7:33:30,2019-07-30
143,Interval training,San Diego,CA,US,10:35:16,2019-07-30
774,Pilates,San Diego,CA,US,19:50:15,2019-07-30
354,Body treatments,San Diego,CA,US,13:39:57,2019-07-30
665,Body treatments,San Diego,CA,US,14:38:52,2019-07-30
411,Gym classes,San Diego,CA,US,14:39:40,2019-07-31
532,Meditation,San Diego,CA,US,10:37:54,2019-07-31
241,Gym classes,San Diego,CA,US,19:02:00,2019-07-31
797,Dance,San Diego,CA,US,13:31:48,2019-07-31
712,Personal training,San Diego,CA,US,14:06:15,2019-07-31
364,Circuit training,San Diego,CA,US,11:33:38,2019-07-31
289,Gym classes,San Diego,CA,US,14:08:50,2019-07-31
415,Gym classes,San Diego,CA,US,11:47:39,2019-07-31
830,Cycling,San Diego,CA,US,18:14:55,2019-07-31
88,Meditation,San Diego,CA,US,11:00:05,2019-07-31
86,Interval training,San Diego,CA,US,15:48:37,2019-07-31
422,Cycling,San Diego,CA,US,16:13:50,2019-07-31
426,Personal training,San Diego,CA,US,16:06:39,2019-07-31
696,Other,San Diego,CA,US,9:36:32,2019-07-31
82,Pilates,San Diego,CA,US,15:05:08,2019-07-31
50,Other,San Diego,CA,US,15:45:04,2019-07-31
473,Interval training,San Diego,CA,US,9:38:55,2019-07-31
79,Cycling,San Diego,CA,US,17:44:42,2019-07-31
25,Personal training,San Diego,CA,US,7:48:33,2019-07-31
504,Dance,San Diego,CA,US,8:29:27,2019-07-31
812,Circuit training,San Diego,CA,US,11:02:14,2019-07-31
576,Yoga,San Diego,CA,US,17:04:13,2019-07-31
662,Body treatments,San Diego,CA,US,8:22:22,2019-07-31
727,Body treatments,San Diego,CA,US,15:27:28,2019-07-31
873,Personal training,San Diego,CA,US,8:40:02,2019-07-31
20,Dance,San Diego,CA,US,10:22:00,2019-07-31
19,Other,San Diego,CA,US,4:16:58,2019-07-31
974,Circuit training,San Diego,CA,US,11:33:55,2019-07-31
281,Pilates,San Diego,CA,US,11:17:09,2019-07-31
375,Dance,San Diego,CA,US,16:27:58,2019-07-31
203,Body treatments,San Diego,CA,US,17:55:25,2019-07-31
710,Tai chi,San Diego,CA,US,16:54:09,2019-07-31
497,Martial arts,San Diego,CA,US,9:28:49,2019-08-01
501,Yoga,San Diego,CA,US,14:05:19,2019-08-01
668,Gym classes,San Diego,CA,US,9:02:58,2019-08-01
786,Personal training,San Diego,CA,US,12:00:44,2019-08-01
690,Interval training,San Diego,CA,US,15:04:15,2019-08-01
240,Interval training,San Diego,CA,US,11:44:25,2019-08-01
485,Pilates,San Diego,CA,US,8:20:47,2019-08-01
726,Meditation,San Diego,CA,US,8:59:28,2019-08-01
802,Body treatments,San Diego,CA,US,20:15:52,2019-08-01
29,Body treatments,San Diego,CA,US,19:54:55,2019-08-01
477,Personal training,San Diego,CA,US,8:11:54,2019-08-01
242,Dance,San Diego,CA,US,10:15:54,2019-08-01
674,Dance,San Diego,CA,US,9:25:23,2019-08-01
471,Cycling,San Diego,CA,US,14:25:31,2019-08-01
458,Dance,San Diego,CA,US,20:22:49,2019-08-01
714,Meditation,San Diego,CA,US,11:11:11,2019-08-01
493,Martial arts,San Diego,CA,US,6:55:55,2019-08-01
558,Meditation,San Diego,CA,US,20:45:33,2019-08-01
905,Dance,San Diego,CA,US,5:17:54,2019-08-01
591,Pilates,San Diego,CA,US,14:45:25,2019-08-01
220,Yoga,San Diego,CA,US,5:19:37,2019-08-01
887,Other,San Diego,CA,US,14:17:07,2019-08-01
860,Meditation,San Diego,CA,US,4:23:19,2019-08-01
112,Gym classes,San Diego,CA,US,12:28:03,2019-08-01
120,Yoga,San Diego,CA,US,19:41:37,2019-08-01
911,Gym classes,San Diego,CA,US,5:18:20,2019-08-01
929,Pilates,San Diego,CA,US,17:01:59,2019-08-01
383,Dance,San Diego,CA,US,7:06:16,2019-08-01
552,Cycling,San Diego,CA,US,16:35:25,2019-08-01
708,Body treatments,San Diego,CA,US,7:18:32,2019-08-01
311,Cycling,San Diego,CA,US,4:07:13,2019-08-01
110,Circuit training,San Diego,CA,US,5:46:14,2019-08-01
513,Personal training,San Diego,CA,US,7:32:10,2019-08-02
741,Circuit training,San Diego,CA,US,19:05:47,2019-08-02
318,Gym classes,San Diego,CA,US,8:24:50,2019-08-02
389,Tai chi,San Diego,CA,US,13:34:17,2019-08-02
223,Tai chi,San Diego,CA,US,12:56:05,2019-08-02
730,Tai chi,San Diego,CA,US,10:45:18,2019-08-02
869,Circuit training,San Diego,CA,US,15:40:01,2019-08-02
131,Other,San Diego,CA,US,14:02:57,2019-08-02
738,Cycling,San Diego,CA,US,8:48:41,2019-08-02
604,Pilates,San Diego,CA,US,18:11:39,2019-08-02
253,Pilates,San Diego,CA,US,17:48:15,2019-08-02
15,Personal training,San Diego,CA,US,14:10:57,2019-08-02
183,Barre,San Diego,CA,US,4:06:10,2019-08-02
598,Martial arts,San Diego,CA,US,19:39:49,2019-08-02
263,Tai chi,San Diego,CA,US,18:59:47,2019-08-02
606,Cycling,San Diego,CA,US,12:12:04,2019-08-02
906,Meditation,San Diego,CA,US,17:29:47,2019-08-02
379,Cycling,San Diego,CA,US,10:51:01,2019-08-02
675,Gym classes,San Diego,CA,US,5:17:38,2019-08-02
126,Gym classes,San Diego,CA,US,12:49:05,2019-08-02
197,Interval training,San Diego,CA,US,7:48:32,2019-08-02
653,Body treatments,San Diego,CA,US,16:20:13,2019-08-02
845,Other,San Diego,CA,US,15:23:02,2019-08-02
68,Barre,San Diego,CA,US,13:10:24,2019-08-02
687,Other,San Diego,CA,US,4:37:26,2019-08-02
464,Gym classes,San Diego,CA,US,19:14:53,2019-08-02
618,Dance,San Diego,CA,US,15:18:08,2019-08-02
918,Meditation,San Diego,CA,US,16:02:59,2019-08-02
299,Yoga,San Diego,CA,US,10:51:04,2019-08-02
719,Interval training,San Diego,CA,US,15:12:32,2019-08-02
449,Tai chi,San Diego,CA,US,15:09:13,2019-08-02
210,Circuit training,San Diego,CA,US,19:37:26,2019-08-03
256,Cycling,San Diego,CA,US,12:49:18,2019-08-03
231,Meditation,San Diego,CA,US,11:45:52,2019-08-03
239,Body treatments,San Diego,CA,US,6:20:23,2019-08-03
305,Meditation,San Diego,CA,US,11:25:58,2019-08-03
549,Meditation,San Diego,CA,US,12:52:41,2019-08-03
561,Tai chi,San Diego,CA,US,4:57:03,2019-08-03
162,Tai chi,San Diego,CA,US,19:04:00,2019-08-03
957,Pilates,San Diego,CA,US,11:37:49,2019-08-03
288,Dance,San Diego,CA,US,9:42:37,2019-08-03
564,Martial arts,San Diego,CA,US,15:04:22,2019-08-03
531,Dance,San Diego,CA,US,17:35:42,2019-08-03
961,Yoga,San Diego,CA,US,18:50:40,2019-08-03
583,Body treatments,San Diego,CA,US,17:46:09,2019-08-03
99,Personal training,San Diego,CA,US,16:09:44,2019-08-03
790,Personal training,San Diego,CA,US,5:19:39,2019-08-03
933,Body treatments,San Diego,CA,US,16:26:04,2019-08-03
